{
  "Aya32b/RefOI_with_generated_single_presence_brief": {
    "BLEU-1": 10.109105074793728,
    "BLEU-4": 2.166350362298183,
    "ROUGE-1": 14.310012220135054,
    "ROUGE-L": 14.004851132812405,
    "METEOR": 20.34071307795627,
    "BERTScore": 81.93600340102746,
    "CLIPScore": 30.756725537461964
  },
  "Aya32b/RefOI_with_generated_co_occurrence_default": {
    "BLEU-1": 5.744335077643945,
    "BLEU-4": 0.6658259179073324,
    "ROUGE-1": 7.49413619142819,
    "ROUGE-L": 6.979902613111986,
    "METEOR": 16.400106384866593,
    "BERTScore": 82.53775256998229,
    "CLIPScore": 31.831087953854663
  },
  "Aya32b/RefOI_with_generated_co_occurrence_brief": {
    "BLEU-1": 12.534050273837025,
    "BLEU-4": 2.4236810849601502,
    "ROUGE-1": 17.605375518947877,
    "ROUGE-L": 16.20341323312557,
    "METEOR": 19.883970814655317,
    "BERTScore": 85.65124428764452,
    "CLIPScore": 29.527744502279333
  },
  "Aya32b/RefOI_with_generated_single_presence_default": {
    "BLEU-1": 3.107906204844308,
    "BLEU-4": 0.3422053772196491,
    "ROUGE-1": 2.1353001503368345,
    "ROUGE-L": 2.0988941051651664,
    "METEOR": 8.84248060361856,
    "BERTScore": 79.06500727422838,
    "CLIPScore": 32.67199812017805
  },
  "Aya8b/RefOI_with_generated_co_occurrence_brief": {
    "BLEU-1": 11.567995005060435,
    "BLEU-4": 2.286474629246159,
    "ROUGE-1": 17.296544399091587,
    "ROUGE-L": 16.18735235041076,
    "METEOR": 17.52622362953841,
    "BERTScore": 85.54701428158886,
    "CLIPScore": 28.86716579082389
  },
  "Aya8b/RefOI_with_generated_single_presence_brief": {
    "BLEU-1": 11.689480576562682,
    "BLEU-4": 2.6683008701063384,
    "ROUGE-1": 16.204216713576816,
    "ROUGE-L": 16.063135648005726,
    "METEOR": 19.505344976337565,
    "BERTScore": 82.43541530961913,
    "CLIPScore": 30.011823161588453
  },
  "Aya8b/RefOI_with_generated_single_presence_default": {
    "BLEU-1": 3.278165336662992,
    "BLEU-4": 0.3425558063502597,
    "ROUGE-1": 2.1715084513646006,
    "ROUGE-L": 2.1438683593227523,
    "METEOR": 9.272581819249158,
    "BERTScore": 79.21108034083514,
    "CLIPScore": 32.11543937100143
  },
  "Aya8b/RefOI_with_generated_co_occurrence_default": {
    "BLEU-1": 5.568836791043967,
    "BLEU-4": 0.5799578167758038,
    "ROUGE-1": 7.391479437121945,
    "ROUGE-L": 6.928311185217881,
    "METEOR": 15.87921006848594,
    "BERTScore": 82.5099144817479,
    "CLIPScore": 31.14391519028735
  }
}